{"cameraMode":{"drawMode":0,"name":"Shaded","section":"Shading Mode"},"sceneLighting":true,"audioPlay":false,"sceneViewState":{"showFog":true,"showMaterialUpdate":false,"showSkybox":true,"showFlares":true,"showImageEffects":true,"showParticleSystems":true},"in2DMode":false,"pivot":{"x":-0.13648614287376405,"y":0.7529566287994385,"z":0.4545169770717621},"rotation":{"x":-0.07231681793928147,"y":-0.5641829371452332,"z":0.04976576939225197,"w":-0.8209882378578186},"size":2.188441038131714,"orthographic":false}