{"cameraMode":{"drawMode":0,"name":"Shaded","section":"Shading Mode"},"sceneLighting":false,"audioPlay":false,"sceneViewState":{"showFog":true,"showMaterialUpdate":false,"showSkybox":false,"showFlares":true,"showImageEffects":true,"showParticleSystems":true},"in2DMode":false,"pivot":{"x":0.1453235149383545,"y":1.9836840629577637,"z":-0.282987117767334},"rotation":{"x":0.24240443110466004,"y":0.23999948799610139,"z":-0.06204081326723099,"w":0.9380028247833252},"size":10.22356128692627,"orthographic":false}