{"cameraMode":{"drawMode":0,"name":"Shaded","section":"Shading Mode"},"sceneLighting":false,"audioPlay":false,"sceneViewState":{"showFog":true,"showMaterialUpdate":false,"showSkybox":false,"showFlares":true,"showImageEffects":true,"showParticleSystems":true},"in2DMode":false,"pivot":{"x":4.926616668701172,"y":-33.649322509765628,"z":0.5484695434570313},"rotation":{"x":0.3493705689907074,"y":0.36196666955947878,"z":-0.14855444431304933,"w":0.8514160513877869},"size":72.99127960205078,"orthographic":false}