{"cameraMode":{"drawMode":0,"name":"Shaded","section":"Shading Mode"},"sceneLighting":false,"audioPlay":false,"sceneViewState":{"showFog":true,"showMaterialUpdate":false,"showSkybox":false,"showFlares":true,"showImageEffects":true,"showParticleSystems":true},"in2DMode":false,"pivot":{"x":-0.23828312754631043,"y":1.0384609699249268,"z":0.021473169326782228},"rotation":{"x":-0.2572691738605499,"y":-0.07498692721128464,"z":0.020035268738865854,"w":-0.9632232785224915},"size":3.157883882522583,"orthographic":false}