{"cameraMode":{"drawMode":0,"name":"Shaded","section":"Shading Mode"},"sceneLighting":false,"audioPlay":false,"sceneViewState":{"showFog":true,"showMaterialUpdate":false,"showSkybox":false,"showFlares":true,"showImageEffects":true,"showParticleSystems":true},"in2DMode":false,"pivot":{"x":-0.10855960100889206,"y":1.6251115798950196,"z":4.1014814376831059},"rotation":{"x":0.4912075102329254,"y":-0.00783917773514986,"z":0.004420987796038389,"w":0.8709961175918579},"size":11.657354354858399,"orthographic":false}