{"cameraMode":{"drawMode":0,"name":"Shaded","section":"Shading Mode"},"sceneLighting":true,"audioPlay":false,"sceneViewState":{"showFog":true,"showMaterialUpdate":false,"showSkybox":true,"showFlares":true,"showImageEffects":true,"showParticleSystems":true},"in2DMode":false,"pivot":{"x":0.7078326940536499,"y":-0.12237709760665894,"z":1.8970028162002564},"rotation":{"x":-0.21936461329460145,"y":0.7463039755821228,"z":-0.29506057500839236,"w":-0.5548507571220398},"size":9.757461547851563,"orthographic":false}