{"cameraMode":{"drawMode":0,"name":"Shaded","section":"Shading Mode"},"sceneLighting":false,"audioPlay":false,"sceneViewState":{"showFog":true,"showMaterialUpdate":false,"showSkybox":true,"showFlares":true,"showImageEffects":true,"showParticleSystems":true},"in2DMode":false,"pivot":{"x":12.679656028747559,"y":-0.9995393753051758,"z":13.678975105285645},"rotation":{"x":-0.2752906084060669,"y":-0.7245091795921326,"z":0.4567573368549347,"w":-0.43666622042655947},"size":17.837207794189454,"orthographic":false}