{"cameraMode":{"drawMode":0,"name":"Shaded","section":"Shading Mode"},"sceneLighting":false,"audioPlay":false,"sceneViewState":{"showFog":true,"showMaterialUpdate":false,"showSkybox":false,"showFlares":true,"showImageEffects":true,"showParticleSystems":true},"in2DMode":false,"pivot":{"x":0.13158699870109559,"y":1.0021979808807374,"z":-0.07277321815490723},"rotation":{"x":-0.26032212376594546,"y":-0.12097067385911942,"z":0.03290100768208504,"w":-0.957353949546814},"size":0.7578839063644409,"orthographic":false}