{"cameraMode":{"drawMode":0,"name":"Shaded","section":"Shading Mode"},"sceneLighting":false,"audioPlay":false,"sceneViewState":{"showFog":true,"showMaterialUpdate":false,"showSkybox":false,"showFlares":true,"showImageEffects":true,"showParticleSystems":true},"in2DMode":false,"pivot":{"x":0.4752635955810547,"y":-1.125758171081543,"z":-0.3813462257385254},"rotation":{"x":0.17846009135246278,"y":0.1760551780462265,"z":-0.03248891979455948,"w":0.9675532579421997},"size":45.60329055786133,"orthographic":false}