{"cameraMode":{"drawMode":0,"name":"Shaded","section":"Shading Mode"},"sceneLighting":false,"audioPlay":false,"sceneViewState":{"showFog":true,"showMaterialUpdate":false,"showSkybox":false,"showFlares":true,"showImageEffects":true,"showParticleSystems":true},"in2DMode":false,"pivot":{"x":1.2514443397521973,"y":1.238034963607788,"z":-0.7045326232910156},"rotation":{"x":0.0168781615793705,"y":-0.9620277881622315,"z":0.26562264561653139,"w":0.06095754727721214},"size":4.124521732330322,"orthographic":false}