{"cameraMode":{"drawMode":0,"name":"Shaded","section":"Shading Mode"},"sceneLighting":false,"audioPlay":false,"sceneViewState":{"showFog":true,"showMaterialUpdate":false,"showSkybox":false,"showFlares":true,"showImageEffects":true,"showParticleSystems":true},"in2DMode":false,"pivot":{"x":-0.8494830131530762,"y":3.025141716003418,"z":-0.7113819122314453},"rotation":{"x":0.32540300488471987,"y":0.1661708950996399,"z":-0.05822133272886276,"w":0.929068922996521},"size":16.810596466064454,"orthographic":false}