{"cameraMode":{"drawMode":0,"name":"Shaded","section":"Shading Mode"},"sceneLighting":false,"audioPlay":false,"sceneViewState":{"showFog":true,"showMaterialUpdate":false,"showSkybox":false,"showFlares":true,"showImageEffects":true,"showParticleSystems":true},"in2DMode":false,"pivot":{"x":0.11433786153793335,"y":0.8490464091300964,"z":-0.0608597993850708},"rotation":{"x":0.08008124679327011,"y":-0.9172455072402954,"z":0.31048035621643069,"w":0.23643656075000764},"size":1.4245219230651856,"orthographic":false}