{"cameraMode":{"drawMode":0,"name":"Shaded","section":"Shading Mode"},"sceneLighting":false,"audioPlay":false,"sceneViewState":{"showFog":true,"showMaterialUpdate":false,"showSkybox":true,"showFlares":true,"showImageEffects":true,"showParticleSystems":true},"in2DMode":false,"pivot":{"x":6.038520812988281,"y":-1.121744155883789,"z":8.89596176147461},"rotation":{"x":-0.2810022532939911,"y":-0.6994584202766419,"z":0.5523791909217835,"w":-0.3559858500957489},"size":18.72235679626465,"orthographic":false}