{"cameraMode":{"drawMode":0,"name":"Shaded","section":"Shading Mode"},"sceneLighting":false,"audioPlay":false,"sceneViewState":{"showFog":true,"showMaterialUpdate":false,"showSkybox":true,"showFlares":true,"showImageEffects":true,"showParticleSystems":true},"in2DMode":false,"pivot":{"x":6.320708751678467,"y":-0.6841249465942383,"z":8.251641273498536},"rotation":{"x":0.29663538932800295,"y":0.6991811990737915,"z":-0.5033859014511108,"w":0.41201362013816836},"size":11.825627326965332,"orthographic":false}