{"cameraMode":{"drawMode":0,"name":"Shaded","section":"Shading Mode"},"sceneLighting":false,"audioPlay":false,"sceneViewState":{"showFog":true,"showMaterialUpdate":false,"showSkybox":true,"showFlares":true,"showImageEffects":true,"showParticleSystems":true},"in2DMode":false,"pivot":{"x":1.0330250263214112,"y":0.15231823921203614,"z":7.296221733093262},"rotation":{"x":0.32243698835372927,"y":0.6637337803840637,"z":-0.3871119022369385,"w":0.5528435707092285},"size":33.951847076416019,"orthographic":false}