{"cameraMode":{"drawMode":0,"name":"Shaded","section":"Shading Mode"},"sceneLighting":false,"audioPlay":false,"sceneViewState":{"showFog":true,"showMaterialUpdate":false,"showSkybox":true,"showFlares":true,"showImageEffects":true,"showParticleSystems":true},"in2DMode":false,"pivot":{"x":8.65192699432373,"y":5.017919063568115,"z":-2.1097984313964845},"rotation":{"x":0.0907275453209877,"y":-0.031678639352321628,"z":0.0028945226222276689,"w":0.9953795671463013},"size":1.325563907623291,"orthographic":false}