{"cameraMode":{"drawMode":0,"name":"Shaded","section":"Shading Mode"},"sceneLighting":false,"audioPlay":false,"sceneViewState":{"showFog":true,"showMaterialUpdate":false,"showSkybox":false,"showFlares":true,"showImageEffects":true,"showParticleSystems":true},"in2DMode":false,"pivot":{"x":0.05656343698501587,"y":0.5367641448974609,"z":0.38626980781555178},"rotation":{"x":0.3584374785423279,"y":0.16671635210514069,"z":-0.0652400329709053,"w":0.9162587523460388},"size":2.4357638359069826,"orthographic":false}