{"cameraMode":{"drawMode":0,"name":"Shaded","section":"Shading Mode"},"sceneLighting":true,"audioPlay":false,"sceneViewState":{"showFog":true,"showMaterialUpdate":false,"showSkybox":true,"showFlares":true,"showImageEffects":true,"showParticleSystems":true},"in2DMode":false,"pivot":{"x":9.095175743103028,"y":1.8961392641067505,"z":12.992178916931153},"rotation":{"x":-0.16165754199028016,"y":0.8212583661079407,"z":-0.4678356647491455,"w":-0.28378036618232729},"size":12.358756065368653,"orthographic":false}