{"cameraMode":{"drawMode":0,"name":"Shaded","section":"Shading Mode"},"sceneLighting":false,"audioPlay":false,"sceneViewState":{"showFog":true,"showMaterialUpdate":false,"showSkybox":true,"showFlares":true,"showImageEffects":true,"showParticleSystems":true},"in2DMode":false,"pivot":{"x":0.06787109375,"y":0.0233306884765625,"z":0.11669921875},"rotation":{"x":-0.06668207794427872,"y":0.07182107865810394,"z":-0.004750355146825314,"w":-0.9952142238616943},"size":1.1643023490905762,"orthographic":true}