{"cameraMode":{"drawMode":0,"name":"Shaded","section":"Shading Mode"},"sceneLighting":false,"audioPlay":false,"sceneViewState":{"showFog":true,"showMaterialUpdate":false,"showSkybox":false,"showFlares":true,"showImageEffects":true,"showParticleSystems":true},"in2DMode":false,"pivot":{"x":0.4655933380126953,"y":0.2995036840438843,"z":0.01798391342163086},"rotation":{"x":0.24771057069301606,"y":0.19882413744926454,"z":-0.05206480249762535,"w":0.9468189477920532},"size":2.9431533813476564,"orthographic":false}