{"cameraMode":{"drawMode":0,"name":"Shaded","section":"Shading Mode"},"sceneLighting":false,"audioPlay":false,"sceneViewState":{"showFog":true,"showMaterialUpdate":false,"showSkybox":false,"showFlares":true,"showImageEffects":true,"showParticleSystems":true},"in2DMode":false,"pivot":{"x":0.07540041208267212,"y":0.7504915595054627,"z":0.785415768623352},"rotation":{"x":0.006949659436941147,"y":0.9862141609191895,"z":-0.15966089069843293,"w":0.04292751103639603},"size":1.8080158233642579,"orthographic":false}