{"cameraMode":{"drawMode":0,"name":"Shaded","section":"Shading Mode"},"sceneLighting":false,"audioPlay":false,"sceneViewState":{"showFog":true,"showMaterialUpdate":false,"showSkybox":false,"showFlares":true,"showImageEffects":true,"showParticleSystems":true},"in2DMode":false,"pivot":{"x":-0.18108320236206056,"y":-0.7472901344299316,"z":0.11612892150878906},"rotation":{"x":0.17846009135246278,"y":0.1760551780462265,"z":-0.03248891979455948,"w":0.9675532579421997},"size":195.14059448242188,"orthographic":false}