{"cameraMode":{"drawMode":0,"name":"Shaded","section":"Shading Mode"},"sceneLighting":true,"audioPlay":false,"sceneViewState":{"showFog":true,"showMaterialUpdate":false,"showSkybox":true,"showFlares":true,"showImageEffects":true,"showParticleSystems":true},"in2DMode":false,"pivot":{"x":-1.5546026229858399,"y":12.7416410446167,"z":5.715214252471924},"rotation":{"x":0.4509066343307495,"y":0.2848648130893707,"z":-0.154444620013237,"w":0.8316749930381775},"size":9.050647735595704,"orthographic":false}